username,userid,profile_location,created_at,text,retweet_count,source,coordinates
Mimi Gan,493577740,Seattle,2023-01-23 05:27:50,@OneRoofFdn Game pucks from Chinese Lunar New Year?,0,Twitter for iPhone,
Jay Rule,2804127223,Seattle,2023-01-23 05:06:31,This theme song from Big Fish &amp; Begonia was beautifully played by this dynamic duo during Chinese New Year at our câ€¦ https://t.co/5vWIuKeDVY,0,Twitter Web App,
Lee Hung Nguyenã€Š1mrleeã€‹,14382033,"Seattle, WA",2023-01-23 04:28:49,@jvkesongs I watched your song golden hour performed in Chinese tonight at a lunar New year festival @ Amazon. It wâ€¦ https://t.co/Y2izCWowDm,0,Twitter for Android,
Chantel Prat (she/her),4019201353,"Seattle, WA",2023-01-23 04:12:20,Happy Chinese New Year! I gave Peanut &amp; Butter some treats to celebrate their year ğŸ‡ https://t.co/s2VLf5uZ0q,0,Twitter for iPhone,
Pandaddy,38040335,"Seattle, WA",2023-01-23 03:59:44,Chinese New Year dinner cooked by yours truly. Ignore the feet in the pic. Sub to my onlyfans Kappa https://t.co/sbDC2u0FsZ,0,Twitter for Android,
Justyn Smith,15142226,"Seattle, WA",2023-01-23 03:48:22,Happy Chinese New Year! https://t.co/32O7r1tFwn,0,LinkedIn,
iHateGanon | MasterNik,3842119699,"Victoria, British Columbia",2023-01-23 03:44:36,had Chinese new year dinner,0,Twitter for Android,
Mark Boar,1186711096238968834,"Seattle, Washington",2023-01-23 02:46:17,"@GordonGChang Besides Chinese New Year, China also created your father whose blood runs in your veins and name.

A tragedy, I know.",0,Twitter Web App,
Aqua ğŸ«§â„ï¸,1501023158392041473,Bottom of the sea,2023-01-23 02:30:08,Using Chinese new year as an excuse to draw one of these. I'm too lazy to draw the cute pattern they usually have tâ€¦ https://t.co/67xJHPt9SH,2,Twitter Web App,
aira | ahrsmğŸ³âœ¨,382558939,SEA,2023-01-23 02:26:22,@Vafarien A skit from cn hoyofair for lunar new year recently! I unfortunately don't have the ability to help you wâ€¦ https://t.co/Z4ThmWkIwK,0,Twitter for Android,
Tom Tucker,202335692,Victoria BC,2023-01-23 02:20:38,Vital People: Victoria's Chinese Canadian Museum https://t.co/21jN8HOgKH,0,Twitter Web App,
Ann Davison,1467953209519968259,Seattle WA,2023-01-23 02:14:53,What a nice Lunar New Year celebration last week by Organization of Chinese Americans. Thank you for including me! https://t.co/TpPeoYsi7E,0,Twitter for iPhone,
Suri Zhang,1691271906,"Seattle, WA",2023-01-23 01:36:12,@Disneyland its CHINESE NEW YEAR,0,Twitter for iPhone,
Dav~ Wright,107916594,"Tumwater/Olympia, WA",2023-01-23 00:31:20,"@SpeakerPelosi You know what, I remember 3 years ago you saying COVID was a hoax and distraction from Impeachment aâ€¦ https://t.co/Za27Exspwq",1,Twitter for Android,
Block by Block,4329338841,"Redmond, WA",2023-01-23 00:10:30,The Chinese #YearoftheRabbit is associated with peace and good fortune. Let's all do our part to foster those qualiâ€¦ https://t.co/FCLkI9qAc1,1,Twitter Web App,
Beth Virginia Milton,529139553,"Olympia, WA",2023-01-22 23:48:51,Happy Lunar New Year! ğŸ°ğŸ‡ğŸ§§ https://t.co/U9TKLdPgHu,0,Twitter for iPhone,
Jon/Joker,346412464,"Seattle, WA",2023-01-22 23:39:42,"Know itâ€™s been a tumultuous week but still wanna wish everyone gÅng xÇ fÄ cÃ¡i going into the Chinese New Year!
I haâ€¦ https://t.co/0Efo3a2U8a",0,Twitter for iPhone,
BlockCerts,123331497,"Victoria, BC",2023-01-22 23:15:13,"Chinese New Year savings have started early! 

Don't miss out on your chance to grab your tokens (with utility) nowâ€¦ https://t.co/R0wHonJYn6",0,SocialPilot.co,
ketten (DJ å‹‰å¼·ä¸­),2318292726,"Bellevue, Washington",2023-01-22 22:53:05,"Chinese new year
what better way than to stay in room and stare at screen",0,Twitter for Android,
Farah Jadran,546173123,"Seattle, WA",2023-01-22 22:03:30,"The talented founder of Subtle Asian Baking, Kat Lieu, shared her family's Vietnamese and Chinese #LunarNewYear traâ€¦ https://t.co/hWZDid99um",1,Twitter for Android,
CcL,3314273532,Seattle,2023-01-22 21:55:37,@bretterlich Look all your people trying to make fun of Chinese New Year. We hear you loud and clear!,0,Twitter for Android,
michaelwong.eth ğŸ¦‡ğŸ”Š,759241685427752960,Seattle,2023-01-22 21:27:53,"happy chinese new year to you. gung hay fat choy means i hope you get rich. 

i hope you get rich.",2,Twitter for iPhone,
American Friends of ICC,1445127766890921989,Bellingham WA,2023-01-22 21:00:51,"Happy Chinese New Year!  The Year of the Rabbit symbolizes longevity, peace, and prosperity. 2023 is predicted to bâ€¦ https://t.co/Z5pu3NGhuh",0,Loomly,
Campus Honda Victoria,114847826,"Victoria, British Columbia",2023-01-22 20:56:09,Happy Chinese New Year from our family to yours. https://t.co/PKJB0PuKiQ,0,Instagram,
Beth A. Newton,242429435,"Camano Island, WA",2023-01-22 20:44:34,"Happy Chinese New Year!  Chinese New Year, or Lunar New Year, marks the transition between zodiac signs, 2023 is thâ€¦ https://t.co/1livDNtLDX",0,Buffer,
Nicholas Wong (é»„æ£Ÿåº­),212392098,"Victoria, BC",2023-01-22 20:17:22,@CcEva_ Thank you for the wonderful explanation. Happy Chinese New year to you. ğŸ‡,1,Twitter for Android,
Adri Richardsâ„¢,53131501,"Woodinville, Washington",2023-01-22 20:07:56,"Happy Chinese new year ğŸ§§

2023 is the year of the rabbit! ğŸ‡",0,Twitter for iPhone,
Reading Partners SEA,712001200867008512,"Seattle, WA",2023-01-22 20:02:13,"From eating a piece of sugar cane first thing in the morning to not showering (so you donâ€™t wash away any luck!), Dâ€¦ https://t.co/IHe3g7PkTk",0,LaterMedia,
Dr. Katrine B. Hegillman,631688421,Victoria BC,2023-01-22 19:31:10,Chinese New Year 2022 Greetings form Oriri Acupuncture and Herbal Medicine Centre - https://t.co/yrBt2Fj6lQ https://t.co/CBMZxTbimw,0,Mailchimp,
ghmonkeyshiners,1092076961285820416,"Gig Harbor, WA",2023-01-22 19:30:41,"On our way to Tacoma, spreading some Chinese new year love in the harbor! #monkeyshines2023 @mudmonkey253 https://t.co/Ad7hHx3wcl",0,Twitter for iPhone,
District of North Saanich,608340117,"North Saanich, BC",2023-01-22 19:30:15,Happy Chinese New Year! May your Year of the Rabbit be filled with prosperity and happiness. https://t.co/lHLBJjPuDX,0,Hootsuite Inc.,
Tommy Bauer (Duck and Starlight Glimmer Fan!!),1450105932,"Kirkland, WA",2023-01-22 19:21:03,@SodorCentral_ Happy Chinese New Year Emily! ğŸ‡¨ğŸ‡³ğŸŠğŸ§§ğŸ‡ğŸ˜Š,0,Twitter for iPad,
Amber McMillan (a.k.a. The Feisty PM),4754942774,"Victoria, British Columbia",2023-01-22 19:11:30,Happy Chinese New Year 2023! Year of the rabbit #happy #yearoftherabbit #chinesenewyear #newyearâ€¦ https://t.co/WN1OWr8fzA,0,Publer.io,
KING 5 News,19430999,"Seattle, Washington, USA",2023-01-22 19:01:03,Sharing her Chinese and Vietnamese heritage - Kat Lieu demonstrated DIY baking recipes to celebrate Lunar New Year. https://t.co/V6kz6fg9Ti,3,SocialNewsDesk,
Kepler College,159264607,Seattle. Washington,2023-01-22 19:00:33,Happy Chinese New Year! 2023 brings the year of the Yin #WaterRabbit. ğŸ‡ If you're curious about what lies ahead forâ€¦ https://t.co/v2cmD90aKk,1,Hootsuite Inc.,
Life & Death Matters - Katherine Murray,319206116,"Victoria, BC ",2023-01-22 19:00:31,"Happy New Year! ğŸ† 2023 is the year of the rabbit in the Chinese zodiac. ğŸ‡

Chinese New Year celebrations begin todaâ€¦ https://t.co/osjjDEfp1e",0,Agorapulse app,
Patricia Louie,1056928435,"Seattle, WA",2023-01-22 18:49:09,@tfliao Happy Chinese New Year!,0,Twitter Web App,
Jowee ğŸ’‹,255858116,"Seattle, WA",2023-01-22 18:39:43,@Wolfe_RJ Eat lots of xiao long bao! Try their braised beef noodles/soup! Also make sure you go early enough coz itâ€¦ https://t.co/YFmHfphjta,0,Twitter for iPhone,
Neighbourhood Solidarity with Unhoused Neighbours,1573881178960306176,"Victoria, British Columbia",2023-01-22 18:34:17,"Celebrate Lunar New Year in Canada's oldest Chinatown! #yyj

â€¢ Lion Dance Parade
â€¢ Kung Fu demonstrations

Sunday Jâ€¦ https://t.co/tNWPA9hZGF",0,Twitter for Mac,
Ani Straub,3131383706,"Seattle, WA",2023-01-22 18:25:44,@yoiamsamyo Happy Chinese New Year Sam from this Ox! Loved this ride! âœ¨,0,Twitter for iPhone,
Space_Case_Jase,1251891737879932928,"Tacoma, WA",2023-01-22 18:23:27,"bit weird. Zients supposedly means rabbit in Russian. Trying to avoid conscription in the Czar's army, a false nameâ€¦ https://t.co/44BuT15wUo",0,Twitter for Android,
Grant McKenzie,50148750,"Victoria, BC",2023-01-22 18:14:09,"Celebrated Rabbie Burns a bit early with a Haggis, Neeps &amp; Tattie pie from Fraser Orr Butcher. Mushy peas on the siâ€¦ https://t.co/xHpSvk9ocL",1,TweetDeck,
Kuldip Sall,1977569774,"Abbotsford, British Columbia",2023-01-22 18:12:09,"Wishing you and your family a happy and prosperous Chinese New Year! #yearoftherabbit

Kuldip Sallâ€¦ https://t.co/Eb8JZhCixA",0,Back At You,
Century 21 Queenswood Realty Ltd,916060515427786752,"Victoria, British Columbia",2023-01-22 18:03:15,Wishing you and your family a happy and prosperous Chinese New Year! #yearoftherabbit https://t.co/LbsdMuVzwQ,0,Back At You,
Tara Hearn,131720957,"Victoria, BC",2023-01-22 18:03:12,"Wishing you and your family a happy and prosperous Chinese New Year! #yearoftherabbit

Tara Hearn, PREC*
Century 21â€¦ https://t.co/0az5dR97AW",0,Back At You,
"Bellevue, Washington",19677939,"Bellevue, Washington",2023-01-22 18:01:35,"The Lunar New Year, also known as the Chinese New Year, is celebrated by many Asian cultures for good fortune, healâ€¦ https://t.co/6Yl8JSd8tg",2,Hootsuite Inc.,
Chris Markham,912543431498416129,"Victoria, British Columbia",2023-01-22 18:00:58,Wishing you and your family a happy and prosperous Chinese New Year! #yearoftherabbit https://t.co/DHXCwA9qZM,0,Back At You,
Victoria Women's Transition House (VWTH),414245306,"Victoria, BC",2023-01-22 18:00:51,"2023 is the Year of the Rabbit! Chinese New Year festivities are celebrated starting from  today, January 22nd. Inâ€¦ https://t.co/GiEhDnt2J0",0,Hootsuite Inc.,
Eldercare Navigators,973281500165648384,"Seattle, WA",2023-01-22 17:59:49,Chinese New Year is observed on the first new moon of the year. This signifies the passing of winter and onset of tâ€¦ https://t.co/37FaNJNu6I,0,Instagram,
Flora Burns ğŸ’™ğŸ’›ğŸ‡ºğŸ‡¦ğŸŒ»,1037873210753200129,"Seattle, WA",2023-01-22 17:51:08,Happy Chinese New Year ğŸ§§ ğŸ‡ ğŸ° https://t.co/7aHZoLhkEy,0,Twitter for iPhone,
æ—¶é‚»Shilin,1092688891654463488,Home,2023-01-22 17:42:34,"@WolfSkullJack I'm not with my family this year but personally, I'm wearing red, hung up doublets and ç¦fu characterâ€¦ https://t.co/o7mASyAVIf",0,Twitter Web App,
Emerald Home,456998177,"Tacoma, WA",2023-01-22 17:30:30,"Happy Lunar New Year! ğŸ§§ğŸ‡ We wish you luck, love, and health this Chinese New Year. #ChineseNewYear #LunarNewYearâ€¦ https://t.co/YjtRHw1thy",0,Twitter Web App,
KentOnline,31101301,Kent,2023-01-22 17:20:30,There's been a huge rise in rabbits needing new homes - as lockdown pets get abandoned and people struggle with theâ€¦ https://t.co/JKEkSshPt0,1,TweetDeck,
kmfm news,288993240,Kent,2023-01-22 17:20:00,There's been a huge rise in rabbits needing new homes - as lockdown pets get abandoned and people struggle with theâ€¦ https://t.co/wEXsjwJf0Q,0,TweetDeck,
Kristian Sverre Uri,32289711,Seattle,2023-01-22 17:16:48,"Kung Hei Fat Choi. May the new year bring peace, joy, and comfort to you and your family. Read moreâ€¦ https://t.co/9jvG1eqoR3",0,Twitter for iPhone,
Everett Public Schools.WA,47747443,"Everett, Washington",2023-01-22 17:08:01,"To all our families and friends who celebrate the Lunar New Year, Happy Year of the Rabbit! Learn more atâ€¦ https://t.co/lZznXp27Xr",5,Twitter Web App,
Allrecipes,180066380,"Seattle, WA",2023-01-22 17:04:09,"Happy Lunar New Year! ğŸ‡
Cook up these festive foods, whether you're celebrating Chinese New Year, Vietnamese Tet, oâ€¦ https://t.co/lnrVFoesxm",1,True Anthem,
CASCADIA Film Fest,828026099418292224,"Bellingham, WA",2023-01-22 17:01:31,"Happy Chinese New Year! 2023 is the year of the Water Rabbit, a symbol of longevity, peace, and prosperity in Chineâ€¦ https://t.co/f3IaaSvX52",0,Loomly,
Abbotsford Community Foundation,136331932,"Abbotsford, British Columbia",2023-01-22 17:01:20,"ğŸ‡ Gung Hei Fat Choy!

The Lunar New Year or Chinese New Year marks the start of the Chinese calendar and is often câ€¦ https://t.co/Ox4jdA88wS",0,Hootsuite Inc.,
Genuine Alaska Pollock Producers,2717602597,"Seattle, WA",2023-01-22 17:01:05,"Happy Chinese New Year! Wishing you luck, love, and health. Try out this Asian Chopped @crab_classic Salad when youâ€¦ https://t.co/tfDST91vXr",1,Hootsuite Inc.,
FPS_Piling,1377265315,Kent,2023-01-22 17:00:56,"Happy Chinese New Year from the FPS!

@FPS_Piling would like to wish everyone a Happy 
#ChineseNewYear â€“ which begiâ€¦ https://t.co/qWn7EV6YNX",0,Twitter Web App,
WCCMT,268441554,"Victoria, BC",2023-01-22 17:00:30,"Happy Lunar New Year!

Hoping that you have much joy, happiness and peace this upcoming year.

#wccmt #lunarnewyearâ€¦ https://t.co/zSu2CTNrzv",0,Hootsuite Inc.,
Dave Piedrahita,2394933170,"Seattle, WA",2023-01-22 17:00:30,"ğŸ‰ Chinese New Year ğŸ‰

Wishing you great happiness and prosperity.

Follow us on social media to learn more aboutâ€¦ https://t.co/yRnJ6btAbc",0,Twitter Web App,
Albert Siochi,1605475030133256193,Seattle Washington ,2023-01-22 16:44:13,@ParisHilton happy Chinese new yearâ€™s Paris Hilton,0,Twitter Web App,
Renaissance Seattle,390185872,"Downtown Seattle, WA",2023-01-22 16:41:49,Staying at the Renaissance Seattle?  Discover Lunar New Year celebrations from Pier 62 to the Chinatown - Internatiâ€¦ https://t.co/vTmBT8aPfA,0,Sprinklr,
Jeff Miller,8253712,"Seattle, Washington USA",2023-01-22 16:22:41,Surprise visitor last night was the pastor from the Chinese Evangelical Church in our neighborhood bringing Lunar Nâ€¦ https://t.co/wh6yKLTTvx,0,TweetDeck,
Tommy Bauer (Duck and Starlight Glimmer Fan!!),1450105932,"Kirkland, WA",2023-01-22 16:06:53,Happy Chinese New Year everyone!! ğŸ§§ğŸ§§ğŸ§§ğŸ†ğŸ†ğŸ†ğŸ‰ğŸ‰ğŸ‰ğŸ‡¨ğŸ‡³ğŸ‡¨ğŸ‡³ğŸ‡¨ğŸ‡³ #ChineseNewYear2023 https://t.co/O6io694RSW,7,Twitter for iPhone,
Windermere Shoreline,4217068274,"Shoreline, WA",2023-01-22 16:02:17,We wish you great happiness and prosperity this New Year. Here are some ways you can celebrate in the Greater Seattâ€¦ https://t.co/zQjNHkuRzc,0,Hootsuite Inc.,
Junior League of Seattle,64251265,"Seattle, WA",2023-01-22 16:00:21,Happy Year of the Rabbit! Wishing everyone a joyful and peaceful Chinese New Year. https://t.co/k1voU4kMBM,1,Buffer,
Andrew Kapust DDS,1433501820,"Olympia, WA",2023-01-22 16:00:07,"Chinese New Year Contest ends on Jan 31, 2023. Only 54 days left! The winner wins 100 points. Participants earn 2 pâ€¦ https://t.co/MAgzR2INLD",0,PatientRewardsHub.com,
Mukilteo School District,1565037773601783808,"Everett, WA",2023-01-22 16:00:01,"Celebrated in numerous cultures around the world, the Lunar New Year symbolizes the beginning of a new year. It isâ€¦ https://t.co/DbPn5Nc2ch",0,Twitter Web App,
Dingo,880822993848377345,SEA,2023-01-22 15:56:43,"A bun wishes you a Happy Chinese New Year!

#ChineseNewYear #HazeVFanArt #digitalart #furry https://t.co/YzRf8l6CB7",19,Twitter Web App,
kmfm news,288993240,Kent,2023-01-22 15:56:14,There's been a huge rise in rabbits needing new homes - as lockdown pets get abandoned and people struggle with theâ€¦ https://t.co/ANmkVl1aax,0,TweetDeck,
Silver Reef Casino Resort,702173368716382209,"Ferndale, WA",2023-01-22 15:45:13,Happy Chinese New Year! You can win up to $500 Silver Dollars by stopping by any kiosk from 8am until 10pm today! https://t.co/4pU6O9FGcg,0,Hootsuite Inc.,
Silkytofu,1199191686779265024,"Seattle, WA",2023-01-22 15:37:05,"@NewYorkStateAG It's concerning that this mass shooting occurred on the eve of the Chinese New Year, and that Monteâ€¦ https://t.co/5S3JTw0Vg6",0,Twitter for Android,
Seattle Nanny,987689383,"Kirkland, WA",2023-01-22 15:19:30,"Wishing you prosperity and health this Chinese New Year. ğŸ°

#seattlenannynetwork #snn #nannylife #seattlejobsâ€¦ https://t.co/jbH2ZYvAmt",0,Twitter Web App,
Allrecipes,180066380,"Seattle, WA",2023-01-22 15:04:08,"Celebrate Chinese New Year with this selection of traditional and symbolic dishes, including dumplings, bao, wholeâ€¦ https://t.co/O3goXUXGhH",2,True Anthem,
Pauline Ann Castro,1581812578346729473,Tacoma ,2023-01-22 14:47:59,"Happy Chinese New Year ğŸ‡ğŸ‡ğŸ‡

#nowhop #likeabunny #hophophop ğŸ¤¦ğŸ½â€â™€ï¸#rabbit #1987",0,Twitter for Android,
Gutmann Laboratory,1079210348639596544,Washington University,2023-01-22 14:23:07,Happy Chinese New Year! https://t.co/mNL0l07gl1,2,Twitter for Android,
Kingsgate Dental,713219500124938240,"Kirkland, WA",2023-01-22 14:07:50,"Wishing you peace, prosperity, and longevity as the lunar new year begins. Happy Chinese New Year from  Kingsgate Dâ€¦ https://t.co/mHsuLtaxqt",0,EkwaSocial,
Kingsgate Dental,713219500124938240,"Kirkland, WA",2023-01-22 14:07:48,"Wishing you peace, prosperity, and longevity as the lunar new year begins. Happy Chinese New Year from  Kingsgate Dâ€¦ https://t.co/KI0yVo6pkP",0,EkwaSocial,
Soaring Sky,1091685822087286784,"Seattle, WA",2023-01-22 14:03:45,Happy Chinese new year!Good luck! https://t.co/EXbRY3cGg8,0,Twitter for iPad,
Dr Habib Naqvi MBE,399651777,National,2023-01-22 14:01:26,@NHS_RHO A very happy Chinese New Year to all those celebrating ğŸ‡ #YearOfTheRabbit,1,Twitter for iPhone,
Sell on Amazon,2902435381,"Seattle, WA",2023-01-22 14:00:38,"To celebrate the Chinese New Year, we are sharing how Joyce Zhu and her mom, Jane, created @NumaFoods, a snack compâ€¦ https://t.co/ftoFQgKRDa",0,Sprinklr,
Olympia Orthopaedic Associates,608258828,"Olympia, WA",2023-01-22 14:00:01,#TeamOOA wishes you a Happy Lunar New Year (also known as Chinese New Year) This year is the Year of the Rabbit - Tâ€¦ https://t.co/oemAQhycSE,0,HubSpot,
Sharon,779403753216585729,"Mount Vernon, WA",2023-01-22 13:30:17,"Happy Chinese New Year 2023!
2023 is the Year of the Rabbit.  The Rabbit is a sign of
longevity, peace and prosperiâ€¦ https://t.co/LLa8m26LUx",0,Lightersideofrealestate,
Rezu Chowdhury ğŸ‡¬ğŸ‡§ğŸ‡§ğŸ‡©,4581054941,Kent,2023-01-22 12:36:12,"Happy Chinese New Year! ğŸ§§
(Gung Hay Fat Choy)
æ–°å¹´å¿«ä¹
Since its the Chinese new year might as well get some Dim sums! https://t.co/A7bzagrKNA",0,Twitter for iPhone,
Kalypso Media,107178219,"Seattle, WA",2023-01-22 12:22:30,"ğŸ‡ Happy Chinese New Year! æ–°å¹´å¿«ä¹! ğŸ‡

ğŸ‡ May the year of the rabbit bless you with health and happiness (and the new frâ€¦ https://t.co/AGHyjAAGNz",1,TweetDeck,
Maureen O'Brien O'Reilly,1289297955481157632,Seattle,2023-01-22 11:46:15,@paulbullen @RnaudBertrand we in the US tagged the Chinese New Year.  In China we celebrated the Spring Festival,0,Twitter Web App,
Tamer Y. Abouzeid,1112725735544930305,"Seattle, WA",2023-01-22 11:33:23,This is horrific. Large mass shooting following one of the largest lunar new year celebrations in the country in aâ€¦ https://t.co/mVG97UPbeq,1,Twitter Web App,
angela frances bah,2464554291,rochester kent ,2023-01-22 11:31:51,Happy Chinese New year . #YearOfTheRabbit #kungheifatchoi . https://t.co/GZkSKXTEBx,0,Twitter for Android,
Echo Pang,756663035742130177,"Seattle, WA",2023-01-22 11:25:42,"@Cecilia16673235 @NewJeans_ADOR Lunar calendar is a Chinese systematic chronology. Not only P.R.China has Chinese,â€¦ https://t.co/PuXeeCWfhg",0,Twitter for iPhone,
Henry Jeffreys,19284077,Kent,2023-01-22 11:19:11,Why has Chinese new year been rebranded as lunar new year?,0,Twitter Web App,
Ten thousand times the bitterness,1248823682123722754,home ,2023-01-22 10:44:24,@RuyyyyyyC Happy Chinese New Year!,0,Twitter for Android,
MSN,15856435,"Redmond, WA, USA",2023-01-22 10:40:22,"Mass shooting at Chinese Lunar New Year celebration in Monterey Park, California - reports https://t.co/9MM5EPCT2Q",1,OxfordBlue-Twitter,
Tom Mitchell,18644987,Kent,2023-01-22 10:40:11,Happy Chinese New Year to my many Chinese fans.,0,Twitter for iPhone,
Like Rst âœŠâ˜ ,1083093290461945861,Somewhere beyond the sea,2023-01-22 10:36:07,At least 9 people killed in #California in a shooting during the celebrations of the #Chinese new year. The issue oâ€¦ https://t.co/dyz6qLYoyl,0,Twitter for Android,
febi,2394298356,home,2023-01-22 10:17:24,"@AmiciaMichella Happy Chinese New Year
ğŸ§§ğŸ§§ğŸ§§",0,Twitter for Android,
Ingeus UK,138040551,National,2023-01-22 10:01:20,"Happy Chinese New Year! ğŸ‡ It's the year of the rabbit which symbolises longevity, positivity, auspiciousness, wittiâ€¦ https://t.co/qim1wK1tY6",0,Hootsuite Inc.,
The Old High Street Intra Medway,1519682604483686403,"Medway, Kent",2023-01-22 10:00:50,"Happy Chinese New Year! ğŸ‡ 

Celebrate with a Chinese meal from #TheOldHighStreetIntra 
Our fantastic Chinese restauâ€¦ https://t.co/vFknNdCBNv",0,Hootsuite Inc.,
LUKIZ.ğŸ†,1564668417281515520,Home,2023-01-22 09:23:01,"I've applied for BunnyList to join in the celebration of the Chinese New Year Festival. 

Join me in celebrating wiâ€¦ https://t.co/O12boox1xW",0,Twitter Web App,
Brett Glasow,898414628299874304,"Kent, WA",2023-01-22 09:22:33,HAPPY CHINESE NEW YEAR EBEBADIII! https://t.co/YDLUawbmFp via @YouTube,0,Twitter Web App,
madeleine masterson,352565819,By the Sea,2023-01-22 09:12:58,Reports of mass shooting following Chinese New Year celebrations in Los Angeles https://t.co/azwWOSbOR1,0,Twitter for iPhone,
Nicholas Wong (é»„æ£Ÿåº­),212392098,"Victoria, BC",2023-01-22 09:08:27,@KeaweWong Yes! Happy Chinese New year! ğŸ‡ #ChineseNewYear #ChineseNewYear2023,0,Twitter for Android,
Hamza AKCB,1098377228453330945,Home,2023-01-22 09:04:19,"I've applied for BunnyList to join in the celebration of the Chinese New Year Festival. 

Join me in celebrating wiâ€¦ https://t.co/hWcP1P4Hnc",0,Twitter for iPhone,
Three R's Teacher Recruitment,390722450,Kent,2023-01-22 09:00:02,"Happy Chinese New Year! ğŸ‡

#Teachers #KentTeach #ChineseNewYear https://t.co/dJDTsUgVyY",0,Adobe Express,
Nicholas Wong (é»„æ£Ÿåº­),212392098,"Victoria, BC",2023-01-22 08:40:36,@SecBlinken It's CHINESE new year. It originated from China.,6,Twitter for Android,
Hello From This Vale of Sorrows!,13293762,"Seattle, WA",2023-01-22 08:17:31,the best thing about chinese new year is NEW MADAME PING LORE in genshin,0,TweetDeck,
Michelle Koon,516041757,"Marysville, WA",2023-01-22 08:04:21,ğŸ“· yuumei-art: Every Chinese New Year I wonder if itâ€™s a time of celebration or time of mourning. Some years Iâ€™m ablâ€¦ https://t.co/jDxhQZILnZ,0,Tumblr,
Learning & Enterprise College Bexley,1125435349,"Bexleyheath, Kent",2023-01-22 08:00:33,LECB wishes all our learners health and happiness this Chinese New Year! ğŸ‡ğŸ‰ https://t.co/n3CvDADhWE,0,Hootsuite Inc.,
Juniorclaw,4659077947,"Seattle, WA",2023-01-22 07:54:46,"Lunar New Year! Year of the Rabbit ğŸ‡ The sign of Rabbit is a symbol of longevity, peace, and prosperity in Chineseâ€¦ https://t.co/yTQdQ4kTmK",0,Twitter Web App,
Larry Winston,35255990,Seattle,2023-01-22 07:30:01,"=O.K. 'Lil BooğŸ˜™ . . The Time, Has Come, To Say, ""Â¡GoodNight!ğŸŒ™"" Did you say it? Think LOUDERRRR so I can hear-ya! .â€¦ https://t.co/Fs8mVsCI4H",0,Twitter for Android,
Gronano Banano,956289240786198531,Pineapple Island,2023-01-22 07:25:56,Happy Chinese New YearğŸ° https://t.co/rCQby6CdS7,1,Twitter for iPhone,
Teppiitepâ˜€ï¸ğŸŒ»ğŸ»ğŸµ,1422547871727984641,HOME,2023-01-22 07:19:11,"HAPPY CHINESE NEW YEAR ğŸ¥³ğŸ°
May the new year be filled with joy, prosperity,luck, health, wealth, love and many happyâ€¦ https://t.co/BZNAg6vd50",0,Twitter for Android,
YUAN,1524326934460518402,home ,2023-01-22 07:06:25,"Happy Chinese New Year!!
#INTO1 https://t.co/2z7QLXMTBM",0,Twitter for Android,
Cafe Cosmos,1093174600219803648,"Seattle, WA",2023-01-22 06:59:43,"W/the first new moon of 2023, we celebrate the Lunar New Year. Happy Chinese New Year! Gong hei fat choy! Gong xi fâ€¦ https://t.co/Y8PKx9gr2I",1,Twitter Web App,
Morgal Tuno,64459782,KENT,2023-01-22 06:27:45,@Daviemoo @theonlywayisup Chinese New Year you old git.,0,Twitter for Android,
weitengchen,811840156378402816,"Redmond, WA",2023-01-22 06:18:57,@pkqzy888 Happy Chinese new year!,0,Twitter for iPhone,
ajibtoo â„¢,1231917942717026304,Bora Bora Island,2023-01-22 05:36:14,@CeddyOrNot Happy Chinese New Year Ceddy.,0,Twitter for Android,
é“­è’‚çŸ³ MintyIshi,1515507974814507009,Home ,2023-01-22 05:29:53,@EdenBetelgeuse Happy Chinese New Year!,0,Twitter for Android,
èèä¹é“ï¼ˆlydia),1597096608973217792,"Seattle, WA",2023-01-22 05:26:43,Happy Chinese New Year ! ğŸ§§ https://t.co/7Sewq3ndk0,0,Twitter for iPhone,
Heartdub,1471959948451999751,"Seattle, WA",2023-01-22 04:50:14,Happy Chinese New Year ğŸŠ https://t.co/tNOuzP2AAV,0,Twitter for iPhone,
Atashi@Sakura-Con 2023,47794661,"Seattle, WA",2023-01-22 04:47:41,"Happy Chinese New Year! ğŸ§§ğŸ§¨ğŸ‰

I tried to steam a fish-shaped rice cake but the lucky carp turned into a sad halibut https://t.co/Pt5zA6ih8Z",2,Twitter for Android,
Nicholas Wong (é»„æ£Ÿåº­),212392098,"Victoria, BC",2023-01-22 04:45:55,Chinese New Year Eve's dinner with the family. ğŸ˜‹ #ChineseNewYearEve #ChineseNewYear #ChineseNewYear2023 https://t.co/lFDfDFSKkS,0,Twitter for Android,
TheScentofaMan âš½,287524481,"Seattle, WA",2023-01-22 04:44:05,@EyeOfJackieChan Happy Chinese New Year JC ğŸ‡®ğŸ‡³ https://t.co/MDZncZqTMK,0,Twitter for Android,
Hsien Young,37259982,,2023-01-22 04:30:43,@MOFA_Taiwan itâ€™s Chinese new year to you,0,Twitter for iPhone,
Red Dove Development,1063732454,"Sooke, British Columbia",2023-01-22 04:02:52,"Happy Chinese New Year. Wishing all that celebrate a happy, healthy and prosperous 2023. https://t.co/7MWth10tvy",0,Twitter Web App,
Marie ğŸ“·ğŸ•Š,1363510144097611778,"Tacoma, WA",2023-01-22 04:02:20,"ğŸ®ğŸ°Happy Chinese 
          New Year, everyone!ğŸ°ğŸ®                                        #HappyLunarNewYearâ€¦ https://t.co/aRnAKdtvEv",0,Twitter for iPad,
zel ğŸ‚,1382682344226656256,N-City,2023-01-22 03:41:49,"happy chinese new year, love! i miss youuu https://t.co/B8C2BtNGUT",0,Twitter for iPhone,
KV ğŸ‡¸ğŸ‡ªğŸ‡ºğŸ‡¸,760270998423744512,"Seattle, WA",2023-01-22 03:33:16,@blake9517 @MikeZalensky @SeattleKraken Themed sweater for the lunar new year designed by one of our local Taiwanesâ€¦ https://t.co/nDeKQD2shn,0,Twitter for iPhone,
Keenan Knight ğŸ¦ŠğŸ¦„,486965179,"Shelton, WA",2023-01-22 02:00:17,@Cr72Kamitake Happy Chinese New Year ğŸ‡ cute Bunnies ğŸ˜,0,Twitter for Android,
vhienny,1337410007730507776,"Seattle, WA",2023-01-22 01:46:04,@BTS_twt_VKTH Happy Chinese New Year my baby V,0,Twitter for iPhone,
â­ï¸,1051378975623315456,"Seattle, WA",2023-01-22 01:42:47,"@jkmaknaeforever @Revelmoo1 @soompi lay, a Chinese man also called it Chinese new year lmaoo https://t.co/4zfrkYWRXD",0,Twitter for iPhone,
Ten thousand times the bitterness,1248823682123722754,home ,2023-01-22 00:57:41,@patrickdextervc Happy Chinese New Year!,0,Twitter for Android,
Pendy,1471030367897354246,"Seattle, WA",2023-01-22 00:56:57,"@cluewoof So, on Chinese New Year, the older generation will give the currentyoungest generation money in these redâ€¦ https://t.co/z90Am9kFNn",0,Twitter for iPhone,
Ten thousand times the bitterness,1248823682123722754,home ,2023-01-22 00:56:51,@cyclingbaba Happy Chinese New Year!,0,Twitter for Android,
Ten thousand times the bitterness,1248823682123722754,home ,2023-01-22 00:56:39,@saorikiyomi Happy Chinese New Year!,0,Twitter for Android,
Ten thousand times the bitterness,1248823682123722754,home ,2023-01-22 00:54:34,Happy Chinese New Year,0,Twitter for Android,
Amaranth ğŸ’›,1432404618,home,2023-01-22 00:11:34,"@layzhang Happy Chinese New Year, å“¥å“¥ï¼ https://t.co/4yoRWfc1Lw",0,Twitter for Android,
~ miss_shue ~,864465535,bora bora island,2023-01-22 00:07:46,Happy Chinese new year.. let's kirija ğŸ™„,0,Twitter for Android,
Tekoa and Angel Port ğŸ¾ğŸğŸŒˆ,3324555164,"Port Townsend, WA",2023-01-21 23:58:41,"@CurfewBeagle Happy Chinese New Year, Curfew! ğŸ‰ğŸ¥³",0,Twitter for iPhone,
DeemedAWorthyCookie,953814110,Under the sea,2023-01-21 23:01:03,Why was I never making Strawberry/mango sago before? So quick. Ugh- anyways happy Chinese new year ğŸ‡ğŸ‡ğŸ‡âœ¨,0,Twitter for iPhone,
Michelle Dutch,56886141,Everett WA,2023-01-21 22:49:43,Happy Chinese New Year! https://t.co/R73HHVAZ54,0,Twitter for iPhone,
OrientExpress,1259488058124177408,London and Kent ,2023-01-21 21:34:54,"Chinese New Year lunch today. At 4pm GMT, we raised another glass to the New Year.
Lunch again tomorrow...hic",0,Twitter for Android,
Gene Is Grateful ğŸ‡¨ğŸ‡¦ â¤,18534859,"Victoria, BC Canada",2023-01-21 21:01:31,Happy Chinese And Lunar New Year! https://t.co/9OHjLFgS6n,4,Twitter Web App,
Chet Faliszek,982040378,Seattle,2023-01-21 20:35:54,"With our recent influx of Chinese players, here is a small item to celebrate Chinese New Year - A glowing Paper Lanâ€¦ https://t.co/pR6LvTgGqp",1,Twitter Web App,
Jeyrubunny ğŸ‡,2162702006,unicorn island,2023-01-21 20:29:42,Happy Chinese New Year guys â¤ï¸,0,Twitter for iPhone,
fan.,890428970117746689,Home,2023-01-21 20:28:28,"Happy chinese  new year, yangggg https://t.co/EBn3kncy17",0,Twitter for Android,
Ifeoluwa Agboola,1215325453554200577,Home,2023-01-21 20:05:37,"I've applied for BunnyList to join in the celebration of the Chinese New Year Festival. 

Join me in celebrating wiâ€¦ https://t.co/dttgMbfH2i",0,Twitter for Android,
Al Fowler,73500179,"Victoria, BC",2023-01-21 19:46:51,11 Fascinating Facts About Chinese New Year https://t.co/YGfsyyZ4pO,0,Paper.li,
Tom Anymouse,1549130256891711488,Kent,2023-01-21 19:32:24,"A Happy Chinese New Year to us all. Let's all move forward together as one.
Past is past. New beginnings. 
United wâ€¦ https://t.co/l27xNCjsaD",0,Twitter for Android,
buuzen aka Mrs. Pyramid Head,36848379,Under The Sea,2023-01-21 19:27:25,"Happy Chinese New Year! ğŸ°

Better late than never, finally LIVE:

https://t.co/yxutJWIlli",1,Twitter Web App,
Ritiriwaz,788805916208406528,"Bothell, WA",2023-01-21 19:26:19,"In 2023 the first day of Chinese New Year is on 22nd January.
https://t.co/iu7XM69x9V
#Chinesenewyearâ€¦ https://t.co/oxTsbq3VOT",0,Twitter Web App,
aira | ahrsmğŸ³âœ¨,382558939,SEA,2023-01-21 19:22:56,@ee2o74ss Yes!! The cn hoyofair for Chinese new year! Someone just uploaded the entire stream on youtube so you can find it there!,0,Twitter for Android,
JASONhuang,1301619637231128576,"Seattle, WA",2023-01-21 19:16:55,@elonmusk Happy Chinese New Year,0,Twitter for iPhone,
Jason Lowe,1433557918171893762,"Victoria, British Columbia",2023-01-21 18:57:53,Happy Chinese New Year!! ğŸ˜† https://t.co/3cmWjwgY9R,0,Twitter for Android,
soy boy,1228141770673774597,Burger King,2023-01-21 18:43:46,Happy Chinese New Year https://t.co/WAvydgmtAd,0,Twitter for iPhone,
ğŸŒˆZhang Zhehan Life FanğŸŒˆ,1366026009758240769,Deep Sea,2023-01-21 18:23:56,"Happy Chinese New Year 2023
Happy TWO MILLION streams Melancholy Sunshine 

#ZhangZhehan changed his spotify page pâ€¦ https://t.co/A8fFVKvrSY",17,Twitter for iPad,
Echo Pang,756663035742130177,"Seattle, WA",2023-01-21 18:12:47,@Cecilia16673235 @NewJeans_ADOR I know. I said that just because I feel ridiculous about they asking Danielle to apâ€¦ https://t.co/n2enVZAEQy,0,Twitter for iPhone,
City of Everett,56768491,"Everett, WA",2023-01-21 18:07:06,"Tomorrow marks the beginning of the Lunar New Year, a 15-day celebration also known as the Spring Festival or Chineâ€¦ https://t.co/bbHmkZuX07",0,Sprout Social,
"Steffani Cameron, Deep State Operative",14523404,"Victoria, British Columbia",2023-01-21 18:06:14,Happy Chinese New Year. I am an ox. It is the year of the Water Rabbit. Itâ€™s supposed to be a lucky year for us oxeâ€¦ https://t.co/3XHhw0Xbwp,0,Twitter for iPhone,
Kazu (have met win !!!),1545816659944161280,bws,2023-01-21 18:02:04,HAPPY CHINESE NEW YEAR GUYSS,0,Twitter for iPhone,
Martin,884868452812455936,Home,2023-01-21 17:54:33,"I've applied for BunnyList to join in the celebration of the Chinese New Year Festival. 

Join me in celebrating wiâ€¦ https://t.co/WStP4esTCJ",0,Twitter for iPhone,
Umi Squid Mommy VTuber,782324366973345792,Under the Sea,2023-01-21 17:51:10,A friendly reminder as tomorrow approaches: â€œLunar New Yearâ€ is more inclusive than â€œCNYâ€ or â€œChinese New Yearâ€ asâ€¦ https://t.co/ZdiJdxaRyp,0,Twitter for iPhone,
Degen_,1556569034040250369,The Depths Of the Sea,2023-01-21 17:42:40,"I've applied for BunnyList to join in the celebration of the Chinese New Year Festival. 

Join me in celebrating wiâ€¦ https://t.co/EZr1NsQvaD",0,Twitter for iPhone,
Larry Winston,35255990,Seattle,2023-01-21 17:39:54,"=AydrianğŸ˜™, check out this vid about The Lunar New YearğŸŒ™ I was extremely fortunate to grow up in a neighbourhood andâ€¦ https://t.co/T47xHpaXPA",0,Twitter for Android,
"Zhi Yang, PhD",345609141,"Seattle, WA",2023-01-21 17:38:46,Happy Chinese New Year! Fluffy and Penelope wish everyone a happy Year of the Rabbit. æ–°æ˜¥å¿«ä¹ï¼ https://t.co/TxEDr9Vtex,0,Twitter Web App,
Larry Winston,35255990,Seattle,2023-01-21 17:36:46,"=Can see the Cream &amp; Sugar in there AydrianğŸ˜™? Well I mean I know you can't see the Sugar, haha!, I use Brown Sugar-â€¦ https://t.co/uHAXQud8VT",0,Twitter for Android,
Larry Winston,35255990,Seattle,2023-01-21 17:22:50,"=So what-you up to this weekend AydrianğŸ˜™? Do you have a lot of homework to do? What about, what about a new Musicalâ€¦ https://t.co/i96KX3S99c",0,Twitter for Android,
Frye KaijouğŸŸæµ·ä¸Šãƒ•ãƒ©ã‚¤,1504867442191106051,By the seağŸŒŠ,2023-01-21 17:08:29,ğŸ°ğŸ°ğŸ°Happy Chinese New YearğŸ°ğŸ°ğŸ°,0,Twitter for Android,
Keenan Knight ğŸ¦ŠğŸ¦„,486965179,"Shelton, WA",2023-01-21 16:56:19,"Happy Chinese New Year everyone, meet Sakura, a Divine Animal and the lord of Spring. Summoned by a summoner, he'sâ€¦ https://t.co/4rLS3jLsbf",0,Twitter for Android,
Geek Avenger ğŸ‡ºğŸ‡¸ğŸ®ğŸ‹ï¸â€â™‚ï¸ğŸ¥ƒğŸ¸âœï¸,1443717943590731781,"Seattle, WA",2023-01-21 16:54:46,"I need to fix my sword.   The pommel is loose.
...and while I am reminded:
Gong hei fat choy! (a day early)
Tomorroâ€¦ https://t.co/kmoNT1osHH",1,Twitter Web App,
Timothy ğŸ‡¬ğŸ‡§ğŸ‡ªğŸ‡ºğŸ³ï¸â€ğŸŒˆ,820734261040922625,London & Kent,2023-01-21 16:52:55,Happy Chinese New Year! #LunarNewYear2023 https://t.co/wF4coc7q8g,0,Twitter Web App,
LimCo,3221281699,home,2023-01-21 16:30:10,happy chinese new year my co-chinese people,1,Twitter for iPad,
zel ğŸ‚,1382682344226656256,N-City,2023-01-21 16:24:10,happy chinese new year! ğŸŠğŸ“¨,0,Twitter for iPhone,
Ù‹Ù‹Ù‹,288137098,"Seattle, WA",2023-01-21 16:15:24,"Happy Chinese New Year! ğŸ†ğŸ§§
GONG XI FA CAI!! ğŸŠğŸŠ

Wishing you peace, happiness and best luck this new year of the rabbit! ğŸ‡",0,Twitter for iPhone,
J3FF,1407535338,Home,2023-01-21 16:13:46,Happy Chinese New Year !!!,0,Twitter for iPhone,
mattğŸ™,892877627978989568,home,2023-01-21 16:11:07,happy ang chinese new year ko,0,Twitter Web App,
í•œ á“€â€¸á“‚,1372226540,n-city ,2023-01-21 16:05:47,happy lunar/chinese new year to tlist celebrating!! ğŸ§§,0,Twitter for iPhone,
Gypsy_â™¡_FCB,113736022,Home,2023-01-21 16:05:16,"Happy Chinese New Year! #YearOfTheRabbit 
Manifest. ğŸ™
#TheUniverseisonmyside
#TheStarsareAligned",0,Twitter for Android,
renami ğŸŒŠâ˜€ï¸ @ let's fck 'em up,437573990,Sea,2023-01-21 16:04:36,happy chinese new year! ğŸ°,0,Twitter Web App,
PolarğŸŸ,1518963317905129472,ğ–šğ–“ğ–‰ğ–Šğ–— ğ–™ğ–ğ–Š ğ–˜ğ–Šğ–†ğŸŒŠ,2023-01-21 15:29:07,@jellie_isha Happy chinese new year jellie!!!,0,Twitter for Android,
Kate,1352332688,"Seattle, WA",2023-01-21 15:23:45,@nn190x @pannchoa Then you can skip it and celebrate the New Year on Jan. 1st. Why do you guys imitate the celebratâ€¦ https://t.co/rXH9gI68C4,0,Twitter for iPhone,
Kate,1352332688,"Seattle, WA",2023-01-21 15:18:55,"@lilyisleeping @lapushluka @clairebts07 @pannchoa Let me tell you, Vietnam originated from ancient China, so it wasâ€¦ https://t.co/XseiTlS9Cp",0,Twitter for iPhone,
doaa is waiting for sanremoğŸ« scars,917370463,under the sea,2023-01-21 14:29:28,@_DPRKAI we call it chinese new year too iâ€™m confused ğŸ’€,0,Twitter for iPhone,
äº²çˆ†ç‹¸èŠ±çŒ«,1294269683546365952,"Renton, WA",2023-01-21 14:10:04,"Happy Chinese New Year !
#HappyChineseNewYear2023
#HappyChineseNewYear 
#ChineseNewYear2023
#ChineseNewYearâ€¦ https://t.co/LWq4bWzv4p",0,Twitter for iPhone,
fishy ğŸ ,1497393918891405314,somewhere in SEA,2023-01-21 13:50:35,"Happy Chinese New Year to everyone celebrating! ğŸ°

the fireworks were literally outside my window and I've never seâ€¦ https://t.co/5NsehhhiDd",4,Twitter Web App,
äº²çˆ†ç‹¸èŠ±çŒ«,1294269683546365952,"Renton, WA",2023-01-21 13:45:28,"Happy Chinese New Year !
#HappyChineseNewYear2023
#HappyChineseNewYear 
#ChineseNewYear2023
#ChineseNewYearâ€¦ https://t.co/6KxRjGRciv",0,Twitter for iPhone,
Ten thousand times the bitterness,1248823682123722754,home ,2023-01-21 13:40:10,Happy Chinese New Year's Eve,0,Twitter for Android,
Ten thousand times the bitterness,1248823682123722754,home ,2023-01-21 13:38:13,@rrrroch1 Happy Chinese New Year!,0,Twitter for Android,
Ten thousand times the bitterness,1248823682123722754,home ,2023-01-21 13:36:16,@Redmaiden01 Happy Chinese New Year!,0,Twitter for Android,
Ten thousand times the bitterness,1248823682123722754,home ,2023-01-21 13:35:58,@KiMouji45 Happy Chinese New Year!,0,Twitter for Android,
@boofla@mast.hpc.social,24346632,London & Seattle,2023-01-21 13:02:51,Happy Chinese New Year to all my Chinese friends and family (â¤ï¸) all over the world. May the year of the rabbit briâ€¦ https://t.co/pq3TztJFGI,0,Moa Bridge,
M â™¡ W,4555109893,Home,2023-01-21 12:59:25,HAPPY CHINESE NEW YEAR TO XU FAMILY AND JUN ğŸŠğŸ‡ https://t.co/B9c4gwvI3Y,0,Twitter for iPhone,
Kate,1352332688,"Seattle, WA",2023-01-21 12:28:18,"#ChineseNewYear Maybe South Koreans(å—æœé²œäºº in Chinese) wanna their tiny territory to be part of China? If not, why yoâ€¦ https://t.co/BfgVWUAhn0",0,Twitter for iPhone,
Kate,1352332688,"Seattle, WA",2023-01-21 12:23:26,"#ChineseNewYear Why donâ€™t you South Korean thieves celebrate the Jan. 1st as your New Year? If so, no one will blamâ€¦ https://t.co/3TnDbLm3QE",0,Twitter for iPhone,
Brrrrrrrrrr || Sinnedoc,1350799861914820609,The Open Seas,2023-01-21 12:14:04,@web3_KK GM. Fitting colors for chinese new year eh,0,Twitter Web App,
OrientExpress,1259488058124177408,London and Kent ,2023-01-21 12:09:13,@Ronniemarkets @RoyalChinaDel Happy Chinese New year.,0,Twitter for Android,
Like Rst âœŠâ˜ ,1083093290461945861,Somewhere beyond the sea,2023-01-21 11:51:40,"@luckbeide001 You are amazing people Lei, you know how much I admire your fellow Chinese, the country, the culture,â€¦ https://t.co/CKWHxC9gAh",0,Twitter for Android,
seven,1530838119305601024,Pineapple under the sea,2023-01-21 11:35:04,"HAPPY CHUXI~
The last day before Chinese New Year~
Hope ever friendly people get your dreams come true~(EXCEPT SOMEâ€¦ https://t.co/kPmGGbQANb",0,Twitter for Android,
Echo Pang,756663035742130177,"Seattle, WA",2023-01-21 10:11:34,@NewJeans_ADOR Happy Chinese New Year! Happy Lunar New Year! Luv u girlsğŸ¥°ğŸ¥°ğŸ¥°,0,Twitter for iPhone,
maestro wenarto,26638800,"Seattle, WA, USA",2023-01-21 08:16:11,HAPPY CHINESE NEW YEAR - the year of the Rabbit! https://t.co/2I3YzgX4A5,0,Twitter Web App,
ğŸ’œPhoenixğŸ’œâ·,961235552,"Seattle, WA",2023-01-21 07:22:38,Not what I expected to see in Hong Kong for Chinese new year tbh lmfaoooo https://t.co/efBk2n5szA,215,Twitter for iPhone,
Like Rst âœŠâ˜ ,1083093290461945861,Somewhere beyond the sea,2023-01-21 07:14:00,Happy new year to all the #Chinese population. You are an amazing country with amazing people with more than 3.000â€¦ https://t.co/0RXN991Ym4,1,Twitter for Android,
éš”å£è€ç‹,391919022,"Bellevue, WA",2023-01-21 06:01:51,Happy Chinese New Year ğŸŠ,0,Twitter for Android,
M â™¡ W,4555109893,Home,2023-01-21 05:12:22,happy chinese new year bb jun ğŸ«¶ https://t.co/AqABnD7IHZ,0,Twitter for iPhone,
Kukki44 ( â€Ø§Ù†Ø¬Ù†Ø§ Ù…Ù„Ú¾ÙˆØªØ±Ø§ ),16804541,Hong Kong,2023-01-21 03:08:02,"â€˜Kung Hei Fat Choiâ€™
Happy Chinese New Year of Rabbit 2023ğŸ‡ https://t.co/LTHWx2mSMj",2,Twitter for iPhone,
Alysha Perisho,351037137,"Seattle, WA",2023-01-21 02:50:53,Happy Chinese New Year (from Jade the Pug â¤ï¸ğŸ¶) https://t.co/hZB6uvc4Mt,0,Twitter for iPhone,
Seattle Met,28426328,"Seattle, WA",2023-01-21 02:06:00,"Usher in the Year of the Rabbit (or Cat) with good eats and festivities.
https://t.co/JjmkDHXIRv",0,HubSpot,
Bthbestsellers,1534008792018366465,"Seattle, WA",2023-01-21 01:26:20,"Edited -The Movie: â€˜THE WANDERING EARTH 2.â€™   
China Film Group Corp.
The first edition of the movie grossed well oâ€¦ https://t.co/1k9ug5AGgL",0,Twitter Web App,
yosh,743260913440956416,"Somewhere, beyond the sea",2023-01-21 00:58:53,@Golden_Auri13 Happy Chinese New YearğŸ‰,0,Twitter Web App,
âœ¨CanisMajor âœ¨ğŸ”œANW,2740454661,"Bellingham, WA",2023-01-21 00:28:47,@revelionart I haven't been to Chinese new year family gatherings for almost ten years.... I like red envelope butâ€¦ https://t.co/6MOGEQ9g9H,0,Twitter for Android,
Bthbestsellers,1534008792018366465,"Seattle, WA",2023-01-21 00:15:26,"Celebrating the Chinese New Year [Year of the Water Rabbit]: 

SUNDAY -January 22, 2023! https://t.co/uzj1fWIyix",0,Twitter Web App,
Maire Masco â˜®ï¸ Pro-Woman Pro-Democracy,285217018,"Tacoma, WA",2023-01-20 23:23:59,"@astropriestesss Working up a ritual, and decided to use the Lunar New Year symbols for inspiration. Chinese lanterâ€¦ https://t.co/0NRs1c5hwM",0,Twitter Web App,
UW Genetic Counseling Graduate Program,1309236841795563520,"Seattle, WA",2023-01-20 22:22:46,Gong Xi Fa Cai! Happy Chinese New Year &amp; Year of the Rabbit! Wishing good health &amp; prosperity to all. ğŸ‡ğŸ§§ https://t.co/0oxQqGxxqK,0,Twitter for iPhone,
Leo,28212245,"Seattle, WA",2023-01-20 20:55:30,Friday lunch time ahead of the Chinese new year. There would have been much busier at this time for dining in and pâ€¦ https://t.co/U4jeYNN7Qa,0,Twitter for Android,
Arbutus Ridge Golf,20859407,"Victoria, BC, Canada",2023-01-20 18:37:40,"The dragons have arrived and the whole crew is looking forward to our Chinese New Year celebrations, this Sunday! ğŸ‰â€¦ https://t.co/azMZ2SbTag",0,Instagram,
Thurston County,89831668,"Olympia, WA",2023-01-20 17:16:16,...2023 is the Year of the Rabbit. Join the Olympia Area Chinese Association in their 2023 Spring Festival Gala toâ€¦ https://t.co/Hb5VF26kOP,0,Twitter Web App,
Shop Geocaching,106194702,"Seattle, WA",2023-01-20 16:39:58,Introducing our 2023 Chinese New Year commemorative #Geocoins. January 22 marks the beginning of 2023's Year of theâ€¦ https://t.co/99lpDaVWsB,0,Twitter for iPhone,
WSCRC,838865729952763904,"Seattle, WA",2023-01-20 16:34:17,Happy Chinese New Year from the WSCRC - https://t.co/hJHeaDhmpZ https://t.co/B4eAzgkxPV,0,Mailchimp,
Lucimoore,1291047375499177984,"Seattle, WA",2023-01-20 15:43:03,@Golden_Auri13 Happy Chinese New YearğŸ‰,0,Twitter Web App,
ä¹˜é£,1564839968404815872,At sea,2023-01-20 15:40:44,Happy Chinese New Year!,0,Twitter for iPhone,
PeaceâœŒğŸ¼Monkey,1489738617337516034,"Tacoma, WA",2023-01-20 15:17:38,@cidermama I can confirm this is all correct. Lunar new year is always on a diff date as itâ€™s based on the moon calâ€¦ https://t.co/QNErwtzhIp,0,Twitter for iPhone,
Cascadia College,637305892,"Bothell, WA",2023-01-20 14:58:08,"ğŸ‡ğŸŠThis weekend, many will be celebrating Lunar New Year, also known as Chinese New Year! 2023 is the year of the raâ€¦ https://t.co/Wc2vP8mSbO",0,Sendible,
Colleen O'Brien,78509074,Seattle,2023-01-20 13:55:16,"Little touches around Edmonds to celebrate the Chinese New Year. 
January 22nd marks the Year of the Rabbit. https://t.co/POew2G2C9V",1,Twitter Web App,
klare,1576128706212347904,Home,2023-01-20 12:10:59,Chinese new year naman sa Sunday another forda busy ang person tomorrow,0,Twitter for Android,
The Wellness Library,123309717,"Seattle, WA",2023-01-20 07:27:58,"Jan. 22 marks the Lunar New Year, heralding the arrival of the Year of the Rabbit.

Lunar New Year 2023
How to Celeâ€¦ https://t.co/CQ60pV4XY5",0,Twitter Web App,
OrientExpress,1259488058124177408,London and Kent ,2023-01-20 07:14:17,@benonwine Happy Chinese New year  ğŸ§§ ğŸ§§,0,Twitter for Android,
Seattle Times Sports,22992724,"Seattle, WA",2023-01-20 05:37:21,"On Saturday, the day before the Chinese New Year starts, the Kraken will wear warmup jerseys with a design to honorâ€¦ https://t.co/5MhMuuOCzq",2,Echobox,
Susan Zheng,4826858072,"Seattle, WA",2023-01-20 04:37:12,@britishmuseum Itâ€™s called Chinese New Year. Not even lunar new year because lunar calendar is different. This caleâ€¦ https://t.co/ht1XEJqbwv,0,Twitter for iPhone,
The Videogame Addict,150508772,"Bellingham, Wa",2023-01-20 04:31:04,@playrust The Dev's get double the content this year because they can use the same rabbit skins for Chinese New Year AND Easter.,0,Twitter Web App,
Pandaddy,38040335,"Seattle, WA",2023-01-20 04:17:13,Last minute Chinese New Year shopping do be a struggle,0,Twitter for Android,
Ting,784172745101762560,"Seattle, WA",2023-01-20 04:15:33,@britishmuseum Calling the Chinese New Year Korean Lunar New Year shows that you don't understand that the Chineseâ€¦ https://t.co/Z4RxMfP5V9,0,Twitter Web App,
_GGGGGloria_,793276747,"Seattle, WA",2023-01-20 02:19:23,@britishmuseum It is Chinese New Year! Aka Spring Festival! It using Chinese Lunisolar calendarï¼Not Lunar Calendar!â€¦ https://t.co/WHjgSAT9dA,0,Twitter for iPhone,
Tacoma Urban Gardener,20334316,"Tacoma, WA",2023-01-19 22:38:25,This lucky Jade plant is perfect for Chinese New Year. Itâ€™s perfectly potted in terracotta and part of our â€œFeatherâ€¦ https://t.co/sMhclN6reK,0,Twitter for iPhone,
Risk of Rain,1032236078,Seattle,2023-01-19 21:45:06,"Celebrate the Year of the Rabbit by checking out the Steam Chinese New Year Sale! ğŸ°

Hop on over to grab Risk of Raâ€¦ https://t.co/CNp6h9bQyn",150,Twitter Web App,
"PediaStaff, Inc.",26531928,"National, United States",2023-01-19 21:25:12,"NEW! Issue Number 145: Teaching &amp; Therapy Resources for the Classroom, Clinic and Carryover  -- National Handwritinâ€¦ https://t.co/KLqun9BAVg",0,Hootsuite Inc.,
OrientExpress,1259488058124177408,London and Kent ,2023-01-19 19:40:26,Decorations going up for Chinese New Year. Year of the rabbit ğŸ‡ ğŸ˜‰ https://t.co/ry9VsEEg5q,0,Twitter for Android,
Bellevue Collection,31520814,"Bellevue, WA",2023-01-19 19:00:15,"Last-minute shopping? Discover the perfect Lunar New Year gift with inspiration from the Chinese zodiac, now on theâ€¦ https://t.co/CN4wMcwKtZ",1,Sprout Social,
Alzheimer's and Dementia Support Services / ADSS,971906827,Kent,2023-01-19 16:00:22,Here are a few of our lovely Beacon attendees making decorations in preparation for the Chinese New Year.â€¦ https://t.co/gyyfp9aWMB,0,HeyOrca,
"HsuanHua Chang, MBA",16198072,"Seattle, WA",2023-01-19 11:44:46,"Tomorrow is the last day of the year of Tiger, and we move into a new beginning for the year of Rabit on January 21â€¦ https://t.co/YJ6keWGeCC",0,LinkedIn,
Kellendo the Samurai,1399148348578222083,Seattle,2023-01-19 09:02:15,"If the Sounders have a Bruce Lee inspired kit, it would only be right to release it on Chinese New Year, January 22nd.",1,Twitter for Android,
Megan Josol,1491084229416873987,"Victoria, British Columbia",2023-01-19 06:24:46,Pallette &amp; Piece ğŸ¥¬ I just finished this little oil painting for the lunar new year. I learned recently that in theâ€¦ https://t.co/eU1gUiiVgk,0,Twitter for Android,
Mark Olwick,44122656,"Seattle, WA USA",2023-01-19 06:18:35,Must be getting close to Chinese New Year when you see the racks of chicken and duck at the entrance of the supermaâ€¦ https://t.co/oXysC9TWhi,0,Twitter for iPad,
100.3 The Q!,41862556,"Victoria, BC, Canada",2023-01-18 23:18:30,"Chinese Lunar New Year starts Sunday. I had my weeks wrong and had dim sum last weekend. Whoops, do-over this weekeâ€¦ https://t.co/cNR4RfYiID",3,Twitter Web App,
Ryther,304634173,"Seattle, WA",2023-01-18 21:11:13,"Ryther Staff is celebrating the Lunar New Year with traditional Chinese food, customs, and history as a part of ourâ€¦ https://t.co/NatJlk4PQw",1,Hootsuite Inc.,
Western Foods,917828166,"Sooke, British Columbia",2023-01-18 21:09:13,"Itâ€™s almost the Year of the Rabbit ğŸ‡!
According to Chinese astrology, the Rabbit represents peaceful &amp; patient enerâ€¦ https://t.co/mfH96V9Sad",0,Twitter for iPad,
Destination Greater Victoria,20634618,"Victoria, BC, Canada",2023-01-18 16:14:47,"Ring in the Year of the Rabbit in Victoria! ğŸ‡ ğŸ§§

Bring on the lantern-making, red envelope gifting, dim sum feastinâ€¦ https://t.co/JzKlUJe3rg",6,Twitter Web App,
Cindy,429872301,"Seattle, WA",2023-01-18 15:29:40,Here's what you need to know about #ChineseNewYear supply chain disruption and how to reduce the impact on your busâ€¦ https://t.co/rPnRX8b8bm,0,Powered by Sprinklr,
Frye KaijouğŸŸæµ·ä¸Šãƒ•ãƒ©ã‚¤,1504867442191106051,By the seağŸŒŠ,2023-01-18 05:26:33,"I'm back home for Chinese New Year..!
If you have the holiday, enjoy it &lt;3 if not, go to nearby Chinatown and have fun!!",0,Twitter Web App,
Maire Masco â˜®ï¸ Pro-Woman Pro-Democracy,285217018,"Tacoma, WA",2023-01-18 05:26:04,@austral_taur I've been putting up Lunar New Year decorations all week. Deep house cleaning too. Water/Rabbit yearâ€¦ https://t.co/bl83MY8Z6F,0,Twitter Web App,
The Vivlia,1410806443108827140,"Seattle, WA",2023-01-18 02:09:08,"History of Chinese New Year https://t.co/HD3psc4eyC via @YouTube 

Lunar New Year is a significant holiday celebratâ€¦ https://t.co/Hq4lnyXYL1",0,Twitter Web App,
Hezekiah Ho,35269820,Seattle,2023-01-17 23:22:02,I found three or four such leaks on my right rear tire when about to leave for hometown for Chinese New Year. ğŸ˜± https://t.co/R41am4ttTR,0,Twitter for iPhone,
Friends of Waterfront Seattle,1414114208,"Seattle, Washington",2023-01-17 21:36:10,.@monyeeart is an award-winning queer Taiwanese/Chinese American artist in #Seattle who will be presenting a speciaâ€¦ https://t.co/AoC6EO78jp,0,Sprout Social,
Bitzawolf & ğŸ…±ï¸aldo,1126841106,"Seattle, WA",2023-01-17 20:04:46,"bunny ğŸ‡

Studying bunnies to make something for the upcoming Chinese New Year https://t.co/zrvz1WdtE3",2,Twitter Web App,
Victoria Royals,286194808,"Victoria, BC",2023-01-17 18:31:14,"Liked our Lunar New Year jerseys? They could be yours!

Our online auction runs until this Saturday! All proceeds gâ€¦ https://t.co/ocO1baqb5K",2,Twitter Web App,
Fionna ğŸ“¸,52905539,"Seattle, WA",2023-01-17 17:42:20,Spent the long weekend exploring the wonderful world of âœ¨@NotionHQ Widgetsâœ¨Â and refreshed my home page for 2023 Janâ€¦ https://t.co/xr4oI6EHaT,1,Twitter Web App,
Lou-ann Neel,1372328877071036416,"Victoria, British Columbia",2023-01-17 16:55:04,"2023 is a year of the Water Rabbit, starting this Sunday, Jan 22nd, 2023. The sign of Rabbit is a symbol of longeviâ€¦ https://t.co/TkPnp3BHjf",19,Twitter Web App,
King G,1336859072566538241,Village by the sea,2023-01-17 06:21:26,"5 days away from Chinese New Year, I started buying $FIL as I think it outperforms going into the Year of the Rabbiâ€¦ https://t.co/J9RrDXTeCt",2,Twitter Web App,
"Nebula Vibrations, by Annie Carl, OUT NOW!",103096993,"Seattle, Washington",2023-01-17 02:46:08,"Hey now, random Chinese New Year websiteâ€¦ that going in a bit hard https://t.co/INn8mSeb4Q",0,Twitter for iPhone,
